[
    {
        "id": "1",
        "name": "アイグロウ ジェム",
        "category": "アイシャドウ",
        "color": "2",
        "img": "https://fitter.cosme.net/media/product/10145/skuimg_836328_xl.jpg?target=350x350&size=trimIfLarge",
        "brand": "コスメデコルテ",
        "color_name": "OR281",
        "price": "2970",
        "H": "17",
        "S": "72",
        "L": "67"
    },
    {
        "id": "2",
        "name": "アイグロウ ジェム",
        "category": "アイシャドウ",
        "color": "7",
        "img": "https://fitter.cosme.net/media/product/10145/skuimg_787623_xl.jpg?target=350x350&size=trimIfLarge",
        "brand": "コスメデコルテ",
        "color_name": "PU100",
        "price": "2970",
        "H": "346",
        "S": "17",
        "L": "45"
    },
    {
        "id": "3",
        "name": "シャドーカスタマイズ ",
        "category": "アイシャドウ",
        "color": "8",
        "img": "https://fitter.cosme.net/media/product/311/skuimg_845497.jpg?target=180x180",
        "brand": "マジョリカ マジョルカ",
        "color_name": "PK321 ひとひら",
        "price": "550",
        "H": "353",
        "S": "25",
        "L": "56"
    },
    {
        "id": "4",
        "name": "シャドーカスタマイズ",
        "category": "アイシャドウ",
        "color": "2",
        "img": "https://fitter.cosme.net/media/product/311/skuimg_828530_xl.jpg?target=350x350&size=trimIfLarge",
        "brand": "マジョリカ マジョルカ",
        "color_name": "OR300 みちしるべ",
        "price": "550",
        "H": "25",
        "S": "57",
        "L": "68"
    },
    {
        "id": "6",
        "name": "キャビアスティック アイカラー",
        "category": "アイシャドウ",
        "color": "8",
        "img": "https://fitter.cosme.net/media/product/10028/skuimg_814549_xl.jpg?target=350x350&size=trimIfLarge",
        "brand": "ローラ メルシエ",
        "color_name": "R6 ROSE THORN",
        "price": "3300",
        "H": "340",
        "S": "39",
        "L": "31"
    },
    {
        "id": "7",
        "name": "キャビアスティック アイカラー",
        "category": "アイシャドウ",
        "color": "5",
        "img": "https://fitter.cosme.net/media/product/10028/skuimg_748730_xl.jpg?target=350x350&size=trimIfLarge",
        "brand": "ローラ メルシエ",
        "color_name": "2011 TURQOISE",
        "price": "3300",
        "H": "190",
        "S": "57",
        "L": "40"
    },
    {
        "id": "8",
        "name": "キャビアスティック アイカラー",
        "category": "アイシャドウ",
        "color": "5",
        "img": "https://fitter.cosme.net/media/product/10028/skuimg_741875_xl.jpg?target=350x350&size=trimIfLarge",
        "brand": "ローラ メルシエ",
        "color_name": "2004 MINT",
        "price": "3300",
        "H": "180",
        "S": "25",
        "L": "71"
    },
    {
        "id": "9",
        "name": "コンスピキュアス アイズ",
        "category": "アイシャドウ",
        "color": "4",
        "img": "https://fitter.cosme.net/media/product/10164/skuimg_687947_xl.jpg?target=350x350&size=trimIfLarge",
        "brand": "Amplitude(アンプリチュード)",
        "color_name": "07 グレイッシュグリーン",
        "price": "7700",
        "H": "166",
        "S": "26",
        "L": "49"
    },
    {
        "id": "10",
        "name": "アイ カラー クォード",
        "category": "アイシャドウ",
        "color": "2",
        "img": "https://fitter.cosme.net/media/product/10057/skuimg_682119_xl.jpg?target=350x350&size=trimIfLarge",
        "brand": "トム フォード ビューティ",
        "color_name": "26 レオパード サン",
        "price": "10780",
        "H": "25",
        "S": "52",
        "L": "66"
    },
    {
        "id": "11",
        "name": "アイ カラー クォード",
        "category": "アイシャドウ",
        "color": "2",
        "img": "https://fitter.cosme.net/media/product/10057/skuimg_682119_xl.jpg?target=350x350&size=trimIfLarge",
        "brand": "トム フォード ビューティ",
        "color_name": "26 レオパード サン",
        "price": "10780",
        "H": "28",
        "S": "90",
        "L": "67"
    },
    {
        "id": "12",
        "name": "アイ カラー クォード",
        "category": "アイシャドウ",
        "color": "1",
        "img": "https://fitter.cosme.net/media/product/10057/skuimg_682119_xl.jpg?target=350x350&size=trimIfLarge",
        "brand": "トム フォード ビューティ",
        "color_name": "26 レオパード サン",
        "price": "10780",
        "H": "4",
        "S": "30",
        "L": "47"
    },
    {
        "id": "13",
        "name": "アイ カラー クォード",
        "category": "アイシャドウ",
        "color": "2",
        "img": "https://fitter.cosme.net/media/product/10057/skuimg_682119_xl.jpg?target=350x350&size=trimIfLarge",
        "brand": "トム フォード ビューティ",
        "color_name": "26 レオパード サン",
        "price": "10780",
        "H": "18",
        "S": "31",
        "L": "36"
    },
    {
        "id": "14",
        "name": "ザ アイシャドウ スパークル",
        "category": "アイシャドウ",
        "color": "2",
        "img": "https://fitter.cosme.net/media/product/10194/skuimg-d_11737_xl.jpg?target=350x350&size=trimIfLarge",
        "brand": "アディクション",
        "color_name": "008SP Garnish Sun",
        "price": "2200",
        "H": "34",
        "S": "58",
        "L": "69"
    },
    {
        "id": "15",
        "name": "アイプランナー",
        "category": "アイシャドウ",
        "color": "2",
        "img": "https://fitter.cosme.net/media/product/10195/skuimg_768323_xl.jpg?target=350x350&size=trimIfLarge",
        "brand": "エクセル",
        "color_name": "R06 ターメリック",
        "price": "990",
        "H": "30",
        "S": "72",
        "L": "71"
    },
    {
        "id": "16",
        "name": "ザ アイシャドウ",
        "category": "アイシャドウ",
        "color": "3",
        "img": "https://fitter.cosme.net/media/product/10097/skuimg_766959_xl.jpg?target=350x350&size=trimIfLarge",
        "brand": "アディクション",
        "color_name": " L 154 Amaltas Yellow",
        "price": "2200",
        "H": "46",
        "S": "100",
        "L": "54"
    },
    {
        "id": "17",
        "name": "ザ アイシャドウ",
        "category": "アイシャドウ",
        "color": "1",
        "img": "https://fitter.cosme.net/media/product/10097/skuimg_766954_xl.jpg?target=350x350&size=trimIfLarge",
        "brand": "アディクション",
        "color_name": "L 152 Saffron Red",
        "price": "2200",
        "H": "359",
        "S": "74",
        "L": "59"
    },
    {
        "id": "18",
        "name": "ザ アイシャドウ",
        "category": "アイシャドウ",
        "color": "4",
        "img": "https://fitter.cosme.net/media/product/10097/skuimg_766962_xl.jpg?target=350x350&size=trimIfLarge",
        "brand": "アディクション",
        "color_name": "L 155 New Forest",
        "price": "2200",
        "H": "137",
        "S": "62",
        "L": "27"
    },
    {
        "id": "19",
        "name": "ザ アイシャドウ",
        "category": "アイシャドウ",
        "color": "8",
        "img": "https://fitter.cosme.net/media/product/10097/208667_xl.jpg?target=350x350&size=trimIfLarge",
        "brand": "アディクション",
        "color_name": "99 Miss You More (P)",
        "price": "2200",
        "H": "336",
        "S": "68",
        "L": "66"
    },
    {
        "id": "20",
        "name": "アイカラーレーション",
        "category": "アイシャドウ",
        "color": "6",
        "img": "https://fitter.cosme.net/media/product/10171/skuimg_764867_xl.jpg?target=350x350&size=trimIfLarge",
        "brand": "ルナソル",
        "color_name": "EX06 Russian Blue",
        "price": "6820",
        "H": "214",
        "S": "49",
        "L": "44"
    },
    {
        "id": "21",
        "name": "アイカラーレーション",
        "category": "アイシャドウ",
        "color": "2",
        "img": "https://fitter.cosme.net/media/product/10171/skuimg_764867_xl.jpg?target=350x350&size=trimIfLarge",
        "brand": "ルナソル",
        "color_name": "EX06 Russian Blue",
        "price": "6820",
        "H": "28",
        "S": "26",
        "L": "58"
    },
    {
        "id": "22",
        "name": "アイカラーレーション",
        "category": "アイシャドウ",
        "color": "9",
        "img": "https://fitter.cosme.net/media/product/10171/skuimg_764867_xl.jpg?target=350x350&size=trimIfLarge",
        "brand": "ルナソル",
        "color_name": "EX06 Russian Blue",
        "price": "6820",
        "H": "54",
        "S": "6",
        "L": "69"
    },
    {
        "id": "23",
        "name": "アイカラーレーション",
        "category": "アイシャドウ",
        "color": "10",
        "img": "https://fitter.cosme.net/media/product/10171/skuimg_764867_xl.jpg?target=350x350&size=trimIfLarge",
        "brand": "ルナソル",
        "color_name": "EX06 Russian Blue",
        "price": "6820",
        "H": "0",
        "S": "0",
        "L": "30"
    },
    {
        "id": "24",
        "name": "アイカラーレーション",
        "category": "アイシャドウ",
        "color": "3",
        "img": "https://fitter.cosme.net/media/product/10171/skuimg_710934_xl.jpg?target=350x350&size=trimIfLarge",
        "brand": "ルナソル",
        "color_name": "03 Butterfly Wing",
        "price": "6820",
        "H": "60",
        "S": "52",
        "L": "86"
    },
    {
        "id": "25",
        "name": "アイカラーレーション",
        "category": "アイシャドウ",
        "color": "7",
        "img": "https://fitter.cosme.net/media/product/10171/skuimg_710934_xl.jpg?target=350x350&size=trimIfLarge",
        "brand": "ルナソル",
        "color_name": "03 Butterfly Wing",
        "price": "6820",
        "H": "318",
        "S": "16",
        "L": "60"
    },
    {
        "id": "26",
        "name": "アイカラーレーション",
        "category": "アイシャドウ",
        "color": "2",
        "img": "https://fitter.cosme.net/media/product/10171/skuimg_710934_xl.jpg?target=350x350&size=trimIfLarge",
        "brand": "ルナソル",
        "color_name": "03 Butterfly Wing",
        "price": "6820",
        "H": "17",
        "S": "24",
        "L": "37"
    },
    {
        "id": "27",
        "name": "アイカラーレーション",
        "category": "アイシャドウ",
        "color": "8",
        "img": "https://fitter.cosme.net/media/product/10171/skuimg_710934_xl.jpg?target=350x350&size=trimIfLarge",
        "brand": "ルナソル",
        "color_name": "03 Butterfly Wing",
        "price": "6820",
        "H": "352",
        "S": "46",
        "L": "58"
    },
    {
        "id": "28",
        "name": "パーフェクトスタイリストアイズ",
        "category": "アイシャドウ",
        "color": "2",
        "img": "https://fitter.cosme.net/media/product/10194/skuimg-d_11206_xl.jpg?target=350x350&size=trimIfLarge",
        "brand": "キャンメイク",
        "color_name": "No.22 アプリコットピーチ",
        "price": "858",
        "H": "14",
        "S": "48",
        "L": "78"
    },
    {
        "id": "29",
        "name": "パーフェクトスタイリストアイズ",
        "category": "アイシャドウ",
        "color": "8",
        "img": "https://fitter.cosme.net/media/product/10194/skuimg-d_11206_xl.jpg?target=350x350&size=trimIfLarge",
        "brand": "キャンメイク",
        "color_name": "No.22 アプリコットピーチ",
        "price": "858",
        "H": "8",
        "S": "52",
        "L": "67"
    },
    {
        "id": "30",
        "name": "パーフェクトスタイリストアイズ",
        "category": "アイシャドウ",
        "color": "1",
        "img": "https://fitter.cosme.net/media/product/10194/skuimg-d_11206_xl.jpg?target=350x350&size=trimIfLarge",
        "brand": "キャンメイク",
        "color_name": "No.22 アプリコットピーチ",
        "price": "858",
        "H": "9",
        "S": "57",
        "L": "68"
    },
    {
        "id": "31",
        "name": "パーフェクトスタイリストアイズ",
        "category": "アイシャドウ",
        "color": "2",
        "img": "https://fitter.cosme.net/media/product/10194/skuimg-d_11206_xl.jpg?target=350x350&size=trimIfLarge",
        "brand": "キャンメイク",
        "color_name": "No.22 アプリコットピーチ",
        "price": "858",
        "H": "17",
        "S": "26",
        "L": "50"
    },
    {
        "id": "32",
        "name": "パーフェクトスタイリストアイズ",
        "category": "アイシャドウ",
        "color": "2",
        "img": "https://fitter.cosme.net/media/product/10194/skuimg-d_11206_xl.jpg?target=350x350&size=trimIfLarge",
        "brand": "キャンメイク",
        "color_name": "No.22 アプリコットピーチ",
        "price": "858",
        "H": "28",
        "S": "53",
        "L": "82"
    },
    {
        "id": "33",
        "name": "シャドーカスタマイズ",
        "category": "アイシャドウ",
        "color": "8",
        "img": "https://fitter.cosme.net/media/product/311/skuimg_828537_xl.jpg?target=350x350&size=trimIfLarge",
        "brand": "マジョリカ マジョルカ",
        "color_name": "PK300 おつかい",
        "price": "550",
        "H": "4",
        "S": "50",
        "L": "72"
    },
    {
        "id": "34",
        "name": "シャドーカスタマイズ",
        "category": "アイシャドウ",
        "color": "2",
        "img": "https://fitter.cosme.net/media/product/311/skuimg_828549_xl.jpg?target=350x350&size=trimIfLarge",
        "brand": "マジョリカ マジョルカ",
        "color_name": "BE203 綿菓子",
        "price": "550",
        "H": "13",
        "S": "53",
        "L": "79"
    },
    {
        "id": "35",
        "name": "シャドーカスタマイズ",
        "category": "アイシャドウ",
        "color": "1",
        "img": "https://fitter.cosme.net/media/product/311/skuimg_828545_xl.jpg?target=350x350&size=trimIfLarge",
        "brand": "マジョリカ マジョルカ",
        "color_name": "RD303 すずめ",
        "price": "550",
        "H": "0",
        "S": "39",
        "L": "53"
    },
    {
        "id": "36",
        "name": "シャドーカスタマイズ",
        "category": "アイシャドウ",
        "color": "7",
        "img": "https://fitter.cosme.net/media/product/311/skuimg_648958_xl.jpg?target=350x350&size=trimIfLarge",
        "brand": "マジョリカ マジョルカ",
        "color_name": "VI482 トワイライト",
        "price": "550",
        "H": "301",
        "S": "28",
        "L": "60"
    },
    {
        "id": "37",
        "name": "シャドーカスタマイズ",
        "category": "アイシャドウ",
        "color": "4",
        "img": "https://fitter.cosme.net/media/product/311/skuimg_839253_xl.jpg?target=350x350&size=trimIfLarge",
        "brand": "マジョリカ マジョルカ",
        "color_name": "GR162 青いバカンス",
        "price": "550",
        "H": "159",
        "S": "31",
        "L": "63"
    },
    {
        "id": "38",
        "name": "シャドーカスタマイズ",
        "category": "アイシャドウ",
        "color": "3",
        "img": "https://fitter.cosme.net/media/product/311/skuimg_839232_xl.jpg?target=350x350&size=trimIfLarge",
        "brand": "マジョリカ マジョルカ",
        "color_name": "YE232 カナリヤ",
        "price": "550",
        "H": "56",
        "S": "100",
        "L": "70"
    },
    {
        "id": "39",
        "name": "シャドーカスタマイズ",
        "category": "アイシャドウ",
        "color": "10",
        "img": "https://fitter.cosme.net/media/product/311/skuimg_828528_xl.jpg?target=350x350&size=trimIfLarge",
        "brand": "マジョリカ マジョルカ",
        "color_name": "BK922 黒蜥蜴",
        "price": "550",
        "H": "218",
        "S": "7",
        "L": "36"
    },
    {
        "id": "40",
        "name": "シャドーカスタマイズ",
        "category": "アイシャドウ",
        "color": "8",
        "img": "https://fitter.cosme.net/media/product/311/skuimg_828525_xl.jpg?target=350x350&size=trimIfLarge",
        "brand": "マジョリカ マジョルカ",
        "color_name": "PK421 貴婦人",
        "price": "550",
        "H": "351",
        "S": "72",
        "L": "68"
    },
    {
        "id": "41",
        "name": "アイグロウ ジェム",
        "category": "アイシャドウ",
        "color": "8",
        "img": "https://fitter.cosme.net/media/product/10145/skuimg_752988_xl.jpg?target=350x350&size=trimIfLarge",
        "brand": "コスメデコルテ",
        "color_name": "PK801",
        "price": "2970",
        "H": "353",
        "S": "50",
        "L": "70"
    },
    {
        "id": "42",
        "name": "アイグロウ ジェム",
        "category": "アイシャドウ",
        "color": "8",
        "img": "https://fitter.cosme.net/media/product/10145/skuimg_752987_xl.jpg?target=350x350&size=trimIfLarge",
        "brand": "コスメデコルテ",
        "color_name": "PK800",
        "price": "2970",
        "H": "337",
        "S": "59",
        "L": "65"
    },
    {
        "id": "43",
        "name": "アイグロウ ジェム",
        "category": "アイシャドウ",
        "color": "8",
        "img": "https://fitter.cosme.net/media/product/10145/skuimg_637774_xl.jpg?target=350x350&size=trimIfLarge",
        "brand": "コスメデコルテ",
        "color_name": "PK885",
        "price": "2970",
        "H": "352",
        "S": "21",
        "L": "77"
    },
    {
        "id": "44",
        "name": "アイグロウ ジェム",
        "category": "アイシャドウ",
        "color": "8",
        "img": "https://fitter.cosme.net/media/product/10145/skuimg_637673_xl.jpg?target=350x350&size=trimIfLarge",
        "brand": "コスメデコルテ",
        "color_name": "PK880",
        "price": "2970",
        "H": "344",
        "S": "26",
        "L": "52"
    },
    {
        "id": "45",
        "name": "アイグロウ ジェム",
        "category": "アイシャドウ",
        "color": "2",
        "img": "https://fitter.cosme.net/media/product/10145/skuimg_637746_xl.jpg?target=350x350&size=trimIfLarge",
        "brand": "コスメデコルテ",
        "color_name": "PK881",
        "price": "2970",
        "H": "6",
        "S": "80",
        "L": "71"
    },
    {
        "id": "46",
        "name": "アイグロウ ジェム",
        "category": "アイシャドウ",
        "color": "9",
        "img": "https://fitter.cosme.net/media/product/10145/skuimg_637787_xl.jpg?target=350x350&size=trimIfLarge",
        "brand": "コスメデコルテ",
        "color_name": "WT083",
        "price": "2970",
        "H": "39",
        "S": "20",
        "L": "91"
    },
    {
        "id": "47",
        "name": "アイグロウ ジェム",
        "category": "アイシャドウ",
        "color": "10",
        "img": "https://fitter.cosme.net/media/product/10145/skuimg_637729_xl.jpg?target=350x350&size=trimIfLarge",
        "brand": "コスメデコルテ",
        "color_name": "GY080",
        "price": "2970",
        "H": "344",
        "S": "8",
        "L": "36"
    },
    {
        "id": "48",
        "name": "アイグロウ ジェム",
        "category": "アイシャドウ",
        "color": "6",
        "img": "https://fitter.cosme.net/media/product/10145/skuimg_637732_xl.jpg?target=350x350&size=trimIfLarge",
        "brand": "コスメデコルテ",
        "color_name": "BL980",
        "price": "2970",
        "H": "226",
        "S": "23",
        "L": "39"
    },
    {
        "id": "49",
        "name": "アイグロウ ジェム",
        "category": "アイシャドウ",
        "color": "6",
        "img": "https://fitter.cosme.net/media/product/10145/skuimg_637764_xl.jpg?target=350x350&size=trimIfLarge",
        "brand": "コスメデコルテ",
        "color_name": "BL981",
        "price": "2970",
        "H": "231",
        "S": "17",
        "L": "54"
    },
    {
        "id": "50",
        "name": "アイグロウ ジェム",
        "category": "アイシャドウ",
        "color": "9",
        "img": "https://fitter.cosme.net/media/product/10145/skuimg_637780_xl.jpg?target=350x350&size=trimIfLarge",
        "brand": "コスメデコルテ",
        "color_name": "BL982",
        "price": "2970",
        "H": "216",
        "S": "8",
        "L": "76"
    },
    {
        "id": "51",
        "name": "ザ アイシャドウ",
        "category": "アイシャドウ",
        "color": "5",
        "img": "https://fitter.cosme.net/media/product/10097/skuimg_766963_xl.jpg?target=350x350&size=trimIfLarge",
        "brand": "アディクション",
        "color_name": "L 156 The Blue City",
        "price": "2200",
        "H": "200",
        "S": "52",
        "L": "57"
    },
    {
        "id": "52",
        "name": "ザ アイシャドウ",
        "category": "アイシャドウ",
        "color": "7",
        "img": "https://fitter.cosme.net/media/product/10097/208663_xl.jpg?target=350x350&size=trimIfLarge",
        "brand": "アディクション",
        "color_name": "95 Color Purple (ME)",
        "price": "2200",
        "H": "260",
        "S": "46",
        "L": "33"
    },
    {
        "id": "53",
        "name": "ザ アイシャドウ",
        "category": "アイシャドウ",
        "color": "4",
        "img": "https://fitter.cosme.net/media/product/10097/skuimg_767040_xl.jpg?target=350x350&size=trimIfLarge",
        "brand": "アディクション",
        "color_name": "L 177 Dark Emerald",
        "price": "2200",
        "H": "162",
        "S": "14",
        "L": "23"
    },
    {
        "id": "54",
        "name": "ザ アイシャドウ",
        "category": "アイシャドウ",
        "color": "1",
        "img": "https://fitter.cosme.net/media/product/10097/skuimg_767017_xl.jpg?target=350x350&size=trimIfLarge",
        "brand": "アディクション",
        "color_name": "L 174 Red Pillar",
        "price": "2200",
        "H": "0",
        "S": "34",
        "L": "34"
    },
    {
        "id": "55",
        "name": "ザ アイシャドウ",
        "category": "アイシャドウ",
        "color": "4",
        "img": "https://fitter.cosme.net/media/product/10097/skuimg_767010_xl.jpg?target=350x350&size=trimIfLarge",
        "brand": "アディクション",
        "color_name": "L 171 Sacred Pond",
        "price": "2200",
        "H": "131",
        "S": "21",
        "L": "24"
    },
    {
        "id": "56",
        "name": "ザ アイシャドウ",
        "category": "アイシャドウ",
        "color": "2",
        "img": "https://fitter.cosme.net/media/product/10097/skuimg_767012_xl.jpg?target=350x350&size=trimIfLarge",
        "brand": "アディクション",
        "color_name": "L 172 Vimana Gold",
        "price": "2200",
        "H": "32",
        "S": "56",
        "L": "53"
    },
    {
        "id": "57",
        "name": "ザ アイシャドウ",
        "category": "アイシャドウ",
        "color": "7",
        "img": "https://fitter.cosme.net/media/product/10097/208670_xl.jpg?target=350x350&size=trimIfLarge",
        "brand": "アディクション",
        "color_name": "41 After Hours (P)",
        "price": "2200",
        "H": "287",
        "S": "11",
        "L": "57"
    },
    {
        "id": "58",
        "name": "ザ アイシャドウ",
        "category": "アイシャドウ",
        "color": "1",
        "img": "https://fitter.cosme.net/media/product/10097/208661_xl.jpg?target=350x350&size=trimIfLarge",
        "brand": "アディクション",
        "color_name": "93 Alice (M)",
        "price": "2200",
        "H": "355",
        "S": "54",
        "L": "52"
    },
    {
        "id": "59",
        "name": "キャビアスティック アイカラー",
        "category": "アイシャドウ",
        "color": "3",
        "img": "https://fitter.cosme.net/media/product/10028/skuimg_760954_xl.jpg?target=350x350&size=trimIfLarge",
        "brand": "ローラ メルシエ",
        "color_name": "2015 BEAMING",
        "price": "3300",
        "H": "40",
        "S": "70",
        "L": "69"
    },
    {
        "id": "60",
        "name": "キャビアスティック アイカラー",
        "category": "アイシャドウ",
        "color": "3",
        "img": "https://fitter.cosme.net/media/product/10028/skuimg_748717_xl.jpg?target=350x350&size=trimIfLarge",
        "brand": "ローラ メルシエ",
        "color_name": "38 GOLDEN",
        "price": "3300",
        "H": "38",
        "S": "81",
        "L": "78"
    },
    {
        "id": "61",
        "name": "キャビアスティック アイカラー",
        "category": "アイシャドウ",
        "color": "3",
        "img": "https://fitter.cosme.net/media/product/10028/skuimg_704039_xl.jpg?target=350x350&size=trimIfLarge",
        "brand": "ローラ メルシエ",
        "color_name": "28 MYSTIC GOLD",
        "price": "3300",
        "H": "44",
        "S": "94",
        "L": "66"
    },
    {
        "id": "62",
        "name": "キャビアスティック アイカラー",
        "category": "アイシャドウ",
        "color": "5",
        "img": "https://fitter.cosme.net/media/product/10028/skuimg_741876_xl.jpg?target=350x350&size=trimIfLarge",
        "brand": "ローラ メルシエ",
        "color_name": "2005 BLUE CIEL",
        "price": "3300",
        "H": "208",
        "S": "62",
        "L": "78"
    },
    {
        "id": "63",
        "name": "キャビアスティック アイカラー",
        "category": "アイシャドウ",
        "color": "6",
        "img": "https://fitter.cosme.net/media/product/10028/skuimg_706331_xl.jpg?target=350x350&size=trimIfLarge",
        "brand": "ローラ メルシエ",
        "color_name": "1902 POOLSIDE",
        "price": "3300",
        "H": "225",
        "S": "30",
        "L": "71"
    },
    {
        "id": "64",
        "name": "キャビアスティック アイカラー",
        "category": "アイシャドウ",
        "color": "6",
        "img": "https://fitter.cosme.net/media/product/10028/skuimg_704042_xl.jpg?target=350x350&size=trimIfLarge",
        "brand": "ローラ メルシエ",
        "color_name": "29 AZURE",
        "price": "3300",
        "H": "205",
        "S": "95",
        "L": "27"
    },
    {
        "id": "65",
        "name": "アイオープナー",
        "category": "アイシャドウ",
        "color": "6",
        "img": "https://fitter.cosme.net/media/product/10187/skuimg_836970_xl.jpg?target=350x350&size=trimIfLarge",
        "brand": "マリークヮント",
        "color_name": "S014",
        "price": "1320",
        "H": "225",
        "S": "62",
        "L": "77"
    },
    {
        "id": "66",
        "name": "アイオープナー",
        "category": "アイシャドウ",
        "color": "5",
        "img": "https://fitter.cosme.net/media/product/10187/skuimg_744309_xl.jpg?target=350x350&size=trimIfLarge",
        "brand": "マリークヮント",
        "color_name": "010 (P)",
        "price": "1320",
        "H": "178",
        "S": "25",
        "L": "67"
    },
    {
        "id": "67",
        "name": "アイオープナー",
        "category": "アイシャドウ",
        "color": "5",
        "img": "https://fitter.cosme.net/media/product/10187/skuimg_744294_xl.jpg?target=350x350&size=trimIfLarge",
        "brand": "マリークヮント",
        "color_name": "S003 (T)",
        "price": "1320",
        "H": "183",
        "S": "21",
        "L": "49"
    },
    {
        "id": "68",
        "name": "アイオープナー",
        "category": "アイシャドウ",
        "color": "9",
        "img": "https://fitter.cosme.net/media/product/10187/skuimg_744342_xl.jpg?target=350x350&size=trimIfLarge",
        "brand": "マリークヮント",
        "color_name": "043 (M)",
        "price": "1320",
        "H": "60",
        "S": "1",
        "L": "84"
    },
    {
        "id": "69",
        "name": "サンク クルール クチュール",
        "category": "アイシャドウ",
        "color": "8",
        "img": "https://fitter.cosme.net/media/product/10192/skuimg_758286_xl.jpg?target=350x350&size=trimIfLarge",
        "brand": "ディオール",
        "color_name": "079 ブラック ボウ",
        "price": "8360",
        "H": "348",
        "S": "12",
        "L": "60"
    },
    {
        "id": "70",
        "name": "サンク クルール クチュール",
        "category": "アイシャドウ",
        "color": "9",
        "img": "https://fitter.cosme.net/media/product/10192/skuimg_758286_xl.jpg?target=350x350&size=trimIfLarge",
        "brand": "ディオール",
        "color_name": "079 ブラック ボウ",
        "price": "8360",
        "H": "7",
        "S": "13",
        "L": "88"
    },
    {
        "id": "71",
        "name": "サンク クルール クチュール",
        "category": "アイシャドウ",
        "color": "10",
        "img": "https://fitter.cosme.net/media/product/10192/skuimg_758286_xl.jpg?target=350x350&size=trimIfLarge",
        "brand": "ディオール",
        "color_name": "079 ブラック ボウ",
        "price": "8360",
        "H": "225",
        "S": "6",
        "L": "12"
    },
    {
        "id": "72",
        "name": "サンク クルール クチュール",
        "category": "アイシャドウ",
        "color": "9",
        "img": "https://fitter.cosme.net/media/product/10192/skuimg_758286_xl.jpg?target=350x350&size=trimIfLarge",
        "brand": "ディオール",
        "color_name": "079 ブラック ボウ",
        "price": "8360",
        "H": "205",
        "S": "7",
        "L": "81"
    },
    {
        "id": "73",
        "name": "サンク クルール クチュール",
        "category": "アイシャドウ",
        "color": "10",
        "img": "https://fitter.cosme.net/media/product/10192/skuimg_758286_xl.jpg?target=350x350&size=trimIfLarge",
        "brand": "ディオール",
        "color_name": "079 ブラック ボウ",
        "price": "8360",
        "H": "254",
        "S": "2",
        "L": "35"
    },
    {
        "id": "74",
        "name": "サンク クルール クチュール",
        "category": "アイシャドウ",
        "color": "5",
        "img": "https://fitter.cosme.net/media/product/10192/skuimg_758289_xl.jpg?target=350x350&size=trimIfLarge",
        "brand": "ディオール",
        "color_name": "279 デニム",
        "price": "8360",
        "H": "195",
        "S": "29",
        "L": "50"
    },
    {
        "id": "75",
        "name": "サンク クルール クチュール",
        "category": "アイシャドウ",
        "color": "5",
        "img": "https://fitter.cosme.net/media/product/10192/skuimg_758289_xl.jpg?target=350x350&size=trimIfLarge",
        "brand": "ディオール",
        "color_name": "279 デニム",
        "price": "8360",
        "H": "195",
        "S": "18",
        "L": "53"
    },
    {
        "id": "76",
        "name": "サンク クルール クチュール",
        "category": "アイシャドウ",
        "color": "2",
        "img": "https://fitter.cosme.net/media/product/10192/skuimg_758289_xl.jpg?target=350x350&size=trimIfLarge",
        "brand": "ディオール",
        "color_name": "279 デニム",
        "price": "8360",
        "H": "28",
        "S": "43",
        "L": "78"
    },
    {
        "id": "77",
        "name": "サンク クルール クチュール",
        "category": "アイシャドウ",
        "color": "4",
        "img": "https://fitter.cosme.net/media/product/10192/skuimg_758289_xl.jpg?target=350x350&size=trimIfLarge",
        "brand": "ディオール",
        "color_name": "279 デニム",
        "price": "8360",
        "H": "187",
        "S": "13",
        "L": "36"
    },
    {
        "id": "78",
        "name": "サンク クルール クチュール",
        "category": "アイシャドウ",
        "color": "6",
        "img": "https://fitter.cosme.net/media/product/10192/skuimg_758289_xl.jpg?target=350x350&size=trimIfLarge",
        "brand": "ディオール",
        "color_name": "279 デニム",
        "price": "8360",
        "H": "216",
        "S": "20",
        "L": "34"
    },
    {
        "id": "79",
        "name": "サンク クルール クチュール",
        "category": "アイシャドウ",
        "color": "9",
        "img": "https://fitter.cosme.net/media/product/10192/skuimg_758285_xl.jpg?target=350x350&size=trimIfLarge",
        "brand": "ディオール",
        "color_name": "159 プラム チュール",
        "price": "8360",
        "H": "343",
        "S": "9",
        "L": "69"
    },
    {
        "id": "80",
        "name": "サンク クルール クチュール",
        "category": "アイシャドウ",
        "color": "9",
        "img": "https://fitter.cosme.net/media/product/10192/skuimg_758285_xl.jpg?target=350x350&size=trimIfLarge",
        "brand": "ディオール",
        "color_name": "159 プラム チュール",
        "price": "8360",
        "H": "0",
        "S": "0",
        "L": "98"
    },
    {
        "id": "81",
        "name": "サンク クルール クチュール",
        "category": "アイシャドウ",
        "color": "7",
        "img": "https://fitter.cosme.net/media/product/10192/skuimg_758285_xl.jpg?target=350x350&size=trimIfLarge",
        "brand": "ディオール",
        "color_name": "159 プラム チュール",
        "price": "8360",
        "H": "273",
        "S": "11",
        "L": "46"
    },
    {
        "id": "82",
        "name": "サンク クルール クチュール",
        "category": "アイシャドウ",
        "color": "2",
        "img": "https://fitter.cosme.net/media/product/10192/skuimg_758285_xl.jpg?target=350x350&size=trimIfLarge",
        "brand": "ディオール",
        "color_name": "159 プラム チュール",
        "price": "8360",
        "H": "1",
        "S": "19",
        "L": "61"
    },
    {
        "id": "83",
        "name": "サンク クルール クチュール",
        "category": "アイシャドウ",
        "color": "7",
        "img": "https://fitter.cosme.net/media/product/10192/skuimg_758285_xl.jpg?target=350x350&size=trimIfLarge",
        "brand": "ディオール",
        "color_name": "159 プラム チュール",
        "price": "8360",
        "H": "323",
        "S": "21",
        "L": "39"
    },
    {
        "id": "84",
        "name": "サンク クルール クチュール",
        "category": "アイシャドウ",
        "color": "8",
        "img": "https://fitter.cosme.net/media/product/10192/skuimg_758277_xl.jpg?target=350x350&size=trimIfLarge",
        "brand": "ディオール",
        "color_name": "859 ピンク コロール",
        "price": "8360",
        "H": "342",
        "S": "52",
        "L": "76"
    },
    {
        "id": "85",
        "name": "サンク クルール クチュール",
        "category": "アイシャドウ",
        "color": "8",
        "img": "https://fitter.cosme.net/media/product/10192/skuimg_758277_xl.jpg?target=350x350&size=trimIfLarge",
        "brand": "ディオール",
        "color_name": "859 ピンク コロール",
        "price": "8360",
        "H": "326",
        "S": "46",
        "L": "58"
    },
    {
        "id": "86",
        "name": "サンク クルール クチュール",
        "category": "アイシャドウ",
        "color": "2",
        "img": "https://fitter.cosme.net/media/product/10192/skuimg_758277_xl.jpg?target=350x350&size=trimIfLarge",
        "brand": "ディオール",
        "color_name": "859 ピンク コロール",
        "price": "8360",
        "H": "16",
        "S": "39",
        "L": "80"
    },
    {
        "id": "87",
        "name": "サンク クルール クチュール",
        "category": "アイシャドウ",
        "color": "10",
        "img": "https://fitter.cosme.net/media/product/10192/skuimg_758277_xl.jpg?target=350x350&size=trimIfLarge",
        "brand": "ディオール",
        "color_name": "859 ピンク コロール",
        "price": "8360",
        "H": "349",
        "S": "13",
        "L": "67"
    },
    {
        "id": "88",
        "name": "サンク クルール クチュール",
        "category": "アイシャドウ",
        "color": "7",
        "img": "https://fitter.cosme.net/media/product/10192/skuimg_758277_xl.jpg?target=350x350&size=trimIfLarge",
        "brand": "ディオール",
        "color_name": "859 ピンク コロール",
        "price": "8360",
        "H": "336",
        "S": "24",
        "L": "43"
    },
    {
        "id": "89",
        "name": "ヴォランタリー アイズ",
        "category": "アイシャドウ",
        "color": "3",
        "img": "https://fitter.cosme.net/media/product/10124/skuimg_840169_xl.jpg?target=350x350&size=trimIfLarge",
        "brand": "Celvoke",
        "color_name": "36 リフレクションイエロー",
        "price": "2200",
        "H": "49",
        "S": "73",
        "L": "69"
    },
    {
        "id": "90",
        "name": "ペタル アイシャドウ",
        "category": "アイシャドウ",
        "color": "4",
        "img": "https://fitter.cosme.net/media/product/10152/skuimg_651267_xl.jpg?target=350x350&size=trimIfLarge",
        "brand": "to/one",
        "color_name": "04 フォレストグリーン",
        "price": "2420",
        "H": "174",
        "S": "29",
        "L": "38"
    },
    {
        "id": "91",
        "name": "モノ クルール クチュール ",
        "category": "アイシャドウ",
        "color": "1",
        "img": "https://fitter.cosme.net/media/product/10209/skuimg-d_33861_xl.jpg?target=350x350&size=trimIfLarge",
        "brand": "ディオール",
        "color_name": "884 ルージュ トラファルガー",
        "price": "4180",
        "H": "0",
        "S": "29",
        "L": "52"
    },
    {
        "id": "92",
        "name": "アイグロウ ジェム",
        "category": "アイシャドウ",
        "color": "1",
        "img": "https://fitter.cosme.net/media/product/10145/skuimg_752980_xl.jpg?target=350x350&size=trimIfLarge",
        "brand": "コスメデコルテ",
        "color_name": "BR300",
        "price": "2970",
        "H": "348",
        "S": "48",
        "L": "42"
    },
    {
        "id": "93",
        "name": "レ キャトル オンブル",
        "category": "アイシャドウ",
        "color": "3",
        "img": "https://fitter.cosme.net/media/product/1/skuimg_658259_xl.jpg?target=350x350&size=trimIfLarge",
        "brand": "シャネル",
        "color_name": "274 コード エレガン",
        "price": "7590",
        "H": "39",
        "S": "69",
        "L": "73"
    },
    {
        "id": "94",
        "name": "レ キャトル オンブル",
        "category": "アイシャドウ",
        "color": "9",
        "img": "https://fitter.cosme.net/media/product/1/skuimg_658259_xl.jpg?target=350x350&size=trimIfLarge",
        "brand": "シャネル",
        "color_name": "274 コード エレガン",
        "price": "7590",
        "H": "44",
        "S": "38",
        "L": "84"
    },
    {
        "id": "95",
        "name": "レ キャトル オンブル",
        "category": "アイシャドウ",
        "color": "2",
        "img": "https://fitter.cosme.net/media/product/1/skuimg_658259_xl.jpg?target=350x350&size=trimIfLarge",
        "brand": "シャネル",
        "color_name": "274 コード エレガン",
        "price": "7590",
        "H": "34",
        "S": "38",
        "L": "58"
    },
    {
        "id": "96",
        "name": "レ キャトル オンブル",
        "category": "アイシャドウ",
        "color": "10",
        "img": "https://fitter.cosme.net/media/product/1/skuimg_658259_xl.jpg?target=350x350&size=trimIfLarge",
        "brand": "シャネル",
        "color_name": "274 コード エレガン",
        "price": "7590",
        "H": "16",
        "S": "13",
        "L": "38"
    },
    {
        "id": "97",
        "name": "レ キャトル オンブル",
        "category": "アイシャドウ",
        "color": "8",
        "img": "https://fitter.cosme.net/media/product/1/skuimg_666770_xl.jpg?target=350x350&size=trimIfLarge",
        "brand": "シャネル",
        "color_name": "312 クワイエット レボリューション",
        "price": "7590",
        "H": "7",
        "S": "19",
        "L": "75"
    },
    {
        "id": "98",
        "name": "レ キャトル オンブル",
        "category": "アイシャドウ",
        "color": "4",
        "img": "https://fitter.cosme.net/media/product/1/skuimg_666770_xl.jpg?target=350x350&size=trimIfLarge",
        "brand": "シャネル",
        "color_name": "312 クワイエット レボリューション",
        "price": "7590",
        "H": "208",
        "S": "13",
        "L": "43"
    },
    {
        "id": "99",
        "name": "レ キャトル オンブル",
        "category": "アイシャドウ",
        "color": "6",
        "img": "https://fitter.cosme.net/media/product/1/skuimg_666770_xl.jpg?target=350x350&size=trimIfLarge",
        "brand": "シャネル",
        "color_name": "312 クワイエット レボリューション",
        "price": "7590",
        "H": "224",
        "S": "30",
        "L": "57"
    },
    {
        "id": "100",
        "name": "レ キャトル オンブル",
        "category": "アイシャドウ",
        "color": "10",
        "img": "https://fitter.cosme.net/media/product/1/skuimg_666770_xl.jpg?target=350x350&size=trimIfLarge",
        "brand": "シャネル",
        "color_name": "312 クワイエット レボリューション",
        "price": "7590",
        "H": "0",
        "S": "4",
        "L": "60"
    },
    {
        "id": "101",
        "name": "レ キャトル オンブル",
        "category": "アイシャドウ",
        "color": "8",
        "img": "https://fitter.cosme.net/media/product/1/skuimg_749627_xl.jpg?target=350x350&size=trimIfLarge",
        "brand": "シャネル",
        "color_name": "356 オー フィル デ フルール",
        "price": "7700",
        "H": "349",
        "S": "53",
        "L": "74"
    },
    {
        "id": "102",
        "name": "レ キャトル オンブル",
        "category": "アイシャドウ",
        "color": "9",
        "img": "https://fitter.cosme.net/media/product/1/skuimg_749627_xl.jpg?target=350x350&size=trimIfLarge",
        "brand": "シャネル",
        "color_name": "356 オー フィル デ フルール",
        "price": "7700",
        "H": "31",
        "S": "37",
        "L": "91"
    },
    {
        "id": "103",
        "name": "レ キャトル オンブル",
        "category": "アイシャドウ",
        "color": "8",
        "img": "https://fitter.cosme.net/media/product/1/skuimg_749627_xl.jpg?target=350x350&size=trimIfLarge",
        "brand": "シャネル",
        "color_name": "356 オー フィル デ フルール",
        "price": "7700",
        "H": "340",
        "S": "36",
        "L": "60"
    },
    {
        "id": "104",
        "name": "レ キャトル オンブル",
        "category": "アイシャドウ",
        "color": "7",
        "img": "https://fitter.cosme.net/media/product/1/skuimg_749627_xl.jpg?target=350x350&size=trimIfLarge",
        "brand": "シャネル",
        "color_name": "356 オー フィル デ フルール",
        "price": "7700",
        "H": "326",
        "S": "20",
        "L": "37"
    },
    {
        "id": "105",
        "name": "リップモンスター",
        "category": "口紅",
        "color": "1",
        "img": "https://fitter.cosme.net/media/product/10206/skuimg-d_28913_xl.jpg?target=350x350&size=trimIfLarge",
        "brand": "ケイト",
        "color_name": "01 欲望の塊",
        "price": "1540",
        "H": "359",
        "S": "69",
        "L": "57"
    },
    {
        "id": "106",
        "name": "ディオール アディクト リップ マキシマイザー ",
        "category": "口紅",
        "color": "8",
        "img": "https://fitter.cosme.net/media/product/2913/skuimg_685245_xl.jpg?target=350x350&size=trimIfLarge",
        "brand": "ディオール",
        "color_name": "007 ラズベリー",
        "price": "4070",
        "H": "341",
        "S": "58",
        "L": "49"
    },
    {
        "id": "107",
        "name": "ウォータリーティントリップ",
        "category": "口紅",
        "color": "2",
        "img": "https://fitter.cosme.net/media/product/10201/skuimg_809913_xl.jpg?target=350x350&size=trimIfLarge",
        "brand": "セザンヌ",
        "color_name": "04 キャメルオレンジ",
        "price": "660",
        "H": "10",
        "S": "54",
        "L": "52"
    },
    {
        "id": "108",
        "name": "ジューシーラスティングティント",
        "category": "口紅",
        "color": "7",
        "img": "https://fitter.cosme.net/media/product/10176/skuimg_804893_xl.jpg?target=350x350&size=trimIfLarge",
        "brand": "rom&nd",
        "color_name": "17 PLUM COKE",
        "price": "1320",
        "H": "333",
        "S": "94",
        "L": "21"
    },
    {
        "id": "109",
        "name": "リップティントN",
        "category": "口紅",
        "color": "8",
        "img": "https://fitter.cosme.net/media/product/10119/skuimg_784443_xl.jpg?target=350x350&size=trimIfLarge",
        "brand": "オペラ",
        "color_name": "201 コズミックピンク",
        "price": "1650",
        "H": "334",
        "S": "98",
        "L": "60"
    },
    {
        "id": "110",
        "name": "ブラッシュ カラー インフュージョン",
        "category": "チーク",
        "color": "2",
        "img": "https://fitter.cosme.net/media/product/10157/skuimg_837177_xl.jpg?target=350x350&size=trimIfLarge",
        "brand": "ローラ メルシエ",
        "color_name": "04(2022 リミテッド エディション)",
        "price": "3850",
        "H": "10",
        "S": "47",
        "L": "70"
    },
    {
        "id": "111",
        "name": "ナチュラル チークN",
        "category": "チーク",
        "color": "8",
        "img": "https://fitter.cosme.net/media/product/274/skuimg_609847_xl.jpg?target=350x350&size=trimIfLarge",
        "brand": "セザンヌ",
        "color_name": "14 ラベンダーピンク",
        "price": "396",
        "H": "329",
        "S": "57",
        "L": "85"
    },
    {
        "id": "112",
        "name": "ザ ブラッシュ ニュアンサー",
        "category": "チーク",
        "color": "3",
        "img": "https://fitter.cosme.net/media/product/10216/skuimg_834290_xl.jpg?target=350x350&size=trimIfLarge",
        "brand": "アディクション",
        "color_name": "002N Golden Eden",
        "price": "3300",
        "H": "39",
        "S": "45",
        "L": "74"
    },
    {
        "id": "113",
        "name": "クリームチーク",
        "category": "チーク",
        "color": "1",
        "img": "https://fitter.cosme.net/media/product/2948/223958_xl.jpg?target=350x350&size=trimIfLarge",
        "brand": "キャンメイク",
        "color_name": "No.CL01 クリアレッドハート",
        "price": "638",
        "H": "2",
        "S": "71",
        "L": "47"
    },
    {
        "id": "114",
        "name": "チーク ポップ",
        "category": "チーク",
        "color": "7",
        "img": "https://fitter.cosme.net/media/product/10073/200428_xl.jpg?target=350x350&size=trimIfLarge",
        "brand": "クリニーク",
        "color_name": "15 パンジー ポップ",
        "price": "3630",
        "H": "313",
        "S": "28",
        "L": "66"
    },
    {
        "id": "115",
        "name": "カラフルネイルズ",
        "category": "ネイル",
        "color": "4",
        "img": "https://fitter.cosme.net/media/product/10151/skuimg_816486_xl.jpg?target=350x350&size=trimIfLarge",
        "brand": "キャンメイク",
        "color_name": "N56 オリーブグリーン",
        "price": "396",
        "H": "69",
        "S": "28",
        "L": "45"
    },
    {
        "id": "116",
        "name": "ネイルカラー",
        "category": "ネイル",
        "color": "3",
        "img": "https://fitter.cosme.net/media/product/10181/skuimg_834958_xl.jpg?target=350x350&size=trimIfLarge",
        "brand": "noiro",
        "color_name": "S034 ancient energy",
        "price": "1980",
        "H": "46",
        "S": "76",
        "L": "58"
    },
    {
        "id": "117",
        "name": "ネイルホリック",
        "category": "ネイル",
        "color": "1",
        "img": "https://fitter.cosme.net/media/product/10090/skuimg_795933_xl.jpg?target=350x350&size=trimIfLarge",
        "brand": "ネイルホリック",
        "color_name": "RD450",
        "price": "330",
        "H": "349",
        "S": "79",
        "L": "53"
    },
    {
        "id": "118",
        "name": "アップリフト ネイルカラー",
        "category": "ネイル",
        "color": "6",
        "img": "https://fitter.cosme.net/media/product/10192/skuimg_809345_xl.jpg?target=350x350&size=trimIfLarge",
        "brand": "OSAJI(オサジ)",
        "color_name": "23 Izumi",
        "price": "1870",
        "H": "229",
        "S": "93",
        "L": "25"
    },
    {
        "id": "119",
        "name": "ネイルポリッシュ",
        "category": "ネイル",
        "color": "8",
        "img": "https://fitter.cosme.net/media/product/10191/skuimg_802943_xl.jpg?target=350x350&size=trimIfLarge",
        "brand": "ルナソル",
        "color_name": "EX12 Damask Rose",
        "price": "2200",
        "H": "333",
        "S": "82",
        "L": "39"
    }
]